d_date,fajr_begins,fajr_jamah,sunrise,zuhr_begins,zuhr_jamah,asr_mithl,asr_jamah,maghrib_begins,maghrib_jamah,isha_begins,isha_jamah
02/01/2017,06:19,06:15,07:37,12:24,13:30,14:51,16:00,17:09,18:20,18:29,20:00
01/01/2017,06:19,06:15,07:37,12:23,13:30,14:51,16:00,17:08,18:20,18:28,20:00
03/01/2017,06:19,06:15,07:37,12:24,13:30,14:52,16:00,17:10,18:20,18:29,20:00
04/01/2017,06:19,06:15,07:37,12:25,13:30,14:53,16:00,17:11,18:20,18:30,20:00
05/01/2017,06:19,06:15,07:37,12:25,13:30,14:54,16:00,17:12,18:20,18:31,20:00
06/01/2017,06:19,06:15,07:37,12:25,13:30,14:55,16:00,17:13,18:20,18:32,20:00
07/01/2017,06:19,06:15,07:37,12:26,13:30,14:55,16:00,17:14,18:20,18:33,20:00
08/01/2017,06:19,06:15,07:37,12:26,13:30,14:56,16:00,17:15,18:20,18:33,20:00
09/01/2017,06:19,06:15,07:37,12:27,13:30,14:57,16:00,17:16,18:20,18:34,20:00
10/01/2017,06:19,06:15,07:37,12:27,13:30,14:58,16:00,17:17,18:20,18:35,20:00
11/01/2017,06:19,06:15,07:37,12:28,13:30,14:59,16:00,17:18,18:20,18:36,20:00
12/01/2017,06:19,06:15,07:37,12:28,13:30,14:59,16:00,17:18,18:20,18:36,20:00
13/01/2017,06:19,06:15,07:36,12:28,13:30,15:01,16:00,17:20,18:20,18:38,20:00
14/01/2017,06:18,06:15,07:36,12:29,13:30,15:02,16:00,17:21,18:20,18:39,20:00
15/01/2017,06:18,06:15,07:36,12:29,13:30,15:03,16:00,17:22,18:20,18:40,20:00
16/01/2017,06:18,06:15,07:35,12:29,13:30,15:04,16:00,17:23,18:20,18:41,20:00
17/01/2017,06:18,06:15,07:35,12:30,13:30,15:05,16:00,17:24,18:20,18:42,20:00
18/01/2017,06:17,06:15,07:34,12:30,13:30,15:06,16:00,17:25,18:20,18:43,20:00
19/01/2017,06:17,06:15,07:34,12:30,13:30,15:07,16:00,17:26,18:20,18:44,20:00
20/01/2017,06:17,06:15,07:33,12:31,13:30,15:08,16:00,17:27,18:20,18:45,20:00
21/01/2017,06:16,06:15,07:33,12:31,13:30,15:09,16:00,17:28,18:20,18:46,20:00
22/01/2017,06:16,06:15,07:32,12:31,13:30,15:10,16:00,17:29,18:20,18:47,20:00
23/01/2017,06:15,06:15,07:32,12:31,13:30,15:11,16:00,17:31,18:20,18:48,20:00
24/01/2017,06:15,06:15,07:31,12:32,13:30,15:12,16:00,17:32,18:20,18:49,20:00
25/01/2017,06:14,06:15,07:30,12:32,13:30,15:13,16:00,17:33,18:20,18:50,20:00
26/01/2017,06:14,06:15,07:30,12:32,13:30,15:14,16:00,17:34,18:20,18:51,20:00
27/01/2017,06:13,06:15,07:29,12:32,13:30,15:15,16:00,17:35,18:20,18:52,20:00
28/01/2017,06:12,06:15,07:28,12:33,13:30,15:15,16:00,17:36,18:20,18:53,20:00
29/01/2017,06:12,06:15,07:27,12:33,13:30,15:16,16:00,17:37,18:20,18:54,20:00
30/01/2017,06:11,06:15,07:27,12:33,13:30,15:17,16:00,17:39,18:20,18:55,20:00
31/01/2017,06:10,06:15,07:26,12:33,13:30,15:18,16:00,17:40,18:20,18:56,20:00
01/02/2017,06:10,06:15,07:25,12:33,13:30,15:19,16:00,17:41,18:20,18:57,20:00
02/02/2017,06:09,06:15,07:24,12:33,13:30,15:20,16:00,17:42,18:20,18:58,20:00
03/02/2017,06:08,06:15,07:23,12:33,13:30,15:21,16:00,17:43,18:20,18:59,20:00
04/02/2017,06:07,06:15,07:22,12:34,13:30,15:22,16:00,17:44,18:20,19:00,20:00
05/02/2017,06:06,06:15,07:21,12:34,13:30,15:23,16:00,17:46,18:20,19:01,20:00
06/02/2017,06:05,06:15,07:20,12:34,13:30,15:24,16:00,17:47,18:20,19:02,20:00
07/02/2017,06:04,06:15,07:19,12:34,13:30,15:25,16:00,17:48,18:20,19:03,20:00
08/02/2017,06:04,06:15,07:18,12:34,13:30,15:26,16:00,17:49,18:20,19:04,20:00
09/02/2017,06:03,06:15,07:17,12:34,13:30,15:27,16:00,17:50,18:20,19:05,20:00
10/02/2017,06:03,06:15,07:17,12:34,13:30,15:27,16:00,17:50,18:20,19:05,20:00
11/02/2017,06:01,06:15,07:15,12:34,13:30,15:29,16:00,17:52,18:20,19:07,20:00
12/02/2017,06:00,06:15,07:14,12:34,13:30,15:30,16:00,17:54,18:20,19:08,20:00
13/02/2017,05:58,06:15,07:12,12:34,13:30,15:30,16:00,17:55,18:20,19:09,20:00
14/02/2017,05:57,06:15,07:11,12:34,13:30,15:31,16:00,17:56,18:20,19:10,20:00
15/02/2017,05:56,06:15,07:10,12:34,13:30,15:32,16:00,17:57,18:20,19:11,20:00
16/02/2017,05:55,06:15,07:09,12:34,13:30,15:33,16:00,17:58,18:20,19:12,20:00
17/02/2017,05:54,06:15,07:08,12:34,13:30,15:34,16:00,17:59,18:20,19:13,20:00
18/02/2017,05:53,06:15,07:06,12:34,13:30,15:35,16:00,18:00,18:20,19:14,20:00
19/02/2017,05:52,06:15,07:05,12:33,13:30,15:35,16:00,18:01,18:20,19:15,20:00
20/02/2017,05:50,06:15,07:04,12:33,13:30,15:36,16:00,18:03,18:20,19:16,20:00
21/02/2017,05:49,06:15,07:02,12:33,13:30,15:37,16:00,18:04,18:20,19:17,20:00
22/02/2017,05:48,06:15,07:01,12:33,13:30,15:38,16:00,18:05,18:20,19:18,20:00
23/02/2017,05:47,06:15,07:00,12:33,13:30,15:39,16:00,18:06,18:20,19:19,20:00
24/02/2017,05:45,06:15,06:58,12:33,13:30,15:39,16:00,18:07,18:20,19:20,20:00
25/02/2017,05:45,06:15,06:58,12:33,13:30,15:39,16:00,18:07,18:20,19:20,20:00
26/02/2017,05:43,06:15,06:56,12:32,13:30,15:41,16:00,18:09,18:20,19:22,20:00
27/02/2017,05:41,06:15,06:54,12:32,13:30,15:41,16:00,18:10,18:20,19:23,20:00
28/02/2017,05:40,06:15,06:53,12:32,13:30,15:42,16:00,18:11,18:20,19:25,20:00
29/02/2017,05:40,06:15,06:53,12:32,13:30,15:42,16:00,18:11,18:20,19:25,20:00
01/03/2017,05:38,06:15,06:51,12:32,13:30,15:43,16:00,18:12,18:20,19:26,20:00
02/03/2017,05:37,06:15,06:50,12:32,13:30,15:43,16:00,18:13,18:20,19:27,20:00
03/03/2017,05:36,06:15,06:48,12:32,13:30,15:44,16:00,18:14,18:20,19:28,20:00
04/03/2017,05:34,06:15,06:47,12:31,13:30,15:45,16:00,18:15,18:20,19:29,20:00
05/03/2017,05:33,06:15,06:45,12:31,13:30,15:45,16:00,18:16,18:20,19:30,20:00
06/03/2017,05:31,06:10,06:44,12:31,13:30,15:46,16:00,18:17,18:25,19:31,20:00
07/03/2017,05:30,06:10,06:42,12:31,13:30,15:47,16:00,18:18,18:25,19:32,20:00
08/03/2017,06:28,06:35,07:41,13:30,13:30,16:47,17:30,19:19,19:30,20:33,21:00
09/03/2017,06:27,06:35,07:39,13:30,13:30,16:48,17:30,19:20,19:30,20:34,21:00
10/03/2017,06:25,06:35,07:38,13:30,13:45,16:48,17:30,19:21,19:30,20:35,21:00
11/03/2017,06:24,06:35,07:36,13:30,13:45,16:49,17:30,19:22,19:30,20:36,21:00
12/03/2017,06:22,06:35,07:35,13:29,13:45,16:49,17:30,19:23,19:30,20:37,21:00
13/03/2017,06:20,06:30,07:33,13:29,13:30,16:50,17:30,19:24,19:35,20:38,21:00
14/03/2017,06:20,06:30,07:33,13:29,13:30,16:50,17:30,19:24,19:35,20:38,21:00
15/03/2017,06:19,06:30,07:32,13:29,13:30,16:51,17:30,19:25,19:35,20:39,21:00
16/03/2017,06:16,06:30,07:29,13:28,13:45,16:52,17:30,19:27,19:35,20:41,21:00
17/03/2017,06:14,06:30,07:27,13:28,13:45,16:52,17:30,19:28,19:35,20:42,21:00
18/03/2017,06:12,06:30,07:26,13:28,13:45,16:52,17:30,19:29,19:35,20:43,21:00
19/03/2017,06:11,06:30,07:24,13:27,13:45,16:53,17:30,19:30,19:35,20:44,21:00
20/03/2017,06:09,06:20,07:22,13:27,13:30,16:53,17:30,19:31,19:45,20:45,21:05
21/03/2017,06:07,06:20,07:21,13:27,13:30,16:54,17:30,19:32,19:45,20:46,21:05
22/03/2017,06:06,06:20,07:19,13:27,13:30,16:54,17:30,19:33,19:45,20:47,21:05
23/03/2017,06:04,06:20,07:18,13:26,13:45,16:55,17:30,19:34,19:45,20:48,21:05
24/03/2017,06:02,06:20,07:16,13:26,13:45,16:55,17:30,19:35,19:45,20:49,21:05
25/03/2017,06:01,06:20,07:15,13:26,13:45,16:56,17:30,19:36,19:45,20:50,21:05
26/03/2017,05:59,06:20,07:13,13:25,13:45,16:56,17:30,19:37,19:45,20:51,21:05
27/03/2017,05:57,06:10,07:11,13:25,13:30,16:56,17:30,19:38,19:50,20:53,21:10
28/03/2017,05:56,06:10,07:10,13:25,13:30,16:57,17:30,19:39,19:50,20:54,21:10
29/03/2017,05:56,06:10,07:10,13:25,13:30,16:57,17:30,19:39,19:50,20:54,21:10
30/03/2017,05:54,06:10,07:08,13:24,13:45,16:57,17:30,19:40,19:50,20:55,21:10
31/03/2017,05:51,06:10,07:05,13:24,13:45,16:58,17:30,19:42,19:50,20:57,21:10
01/04/2017,05:49,06:10,07:04,13:23,13:45,16:58,17:30,19:43,19:50,20:58,21:10
02/04/2017,05:47,06:10,07:02,13:23,13:45,16:58,17:30,19:44,19:50,20:59,21:10
03/04/2017,05:46,06:05,07:01,13:23,13:30,16:59,18:00,19:45,19:55,21:00,21:15
04/04/2017,05:44,06:05,06:59,13:23,13:30,16:59,18:00,19:46,19:55,21:01,21:15
05/04/2017,05:42,06:05,06:57,13:22,13:30,16:59,18:00,19:47,19:55,21:03,21:15
06/04/2017,05:40,06:05,06:56,13:22,13:45,17:00,18:00,19:48,19:55,21:04,21:15
07/04/2017,05:39,06:05,06:54,13:22,13:45,17:00,18:00,19:49,19:55,21:05,21:15
08/04/2017,05:37,06:05,06:53,13:21,13:45,17:00,18:00,19:50,19:55,21:06,21:15
09/04/2017,05:35,06:05,06:51,13:21,13:45,17:01,18:00,19:51,19:55,21:07,21:15
10/04/2017,05:34,06:00,06:50,13:21,13:30,17:01,18:00,19:52,20:05,21:08,21:20
11/04/2017,05:32,06:00,06:48,13:21,13:30,17:01,18:00,19:53,20:05,21:09,21:20
12/04/2017,05:30,06:00,06:47,13:20,13:30,17:01,18:00,19:54,20:05,21:11,21:20
13/04/2017,05:30,06:00,06:47,13:20,13:45,17:01,18:00,19:54,20:05,21:11,21:20
14/04/2017,05:28,06:00,06:45,13:20,13:45,17:02,18:00,19:55,20:05,21:12,21:20
15/04/2017,05:25,06:00,06:43,13:20,13:45,17:02,18:00,19:56,20:05,21:14,21:20
16/04/2017,05:23,06:00,06:41,13:19,13:45,17:02,18:00,19:57,20:05,21:15,21:20
17/04/2017,05:22,05:50,06:40,13:19,13:30,17:03,18:00,19:58,20:10,21:17,21:30
18/04/2017,05:20,05:50,06:38,13:19,13:30,17:03,18:00,19:59,20:10,21:18,21:30
19/04/2017,05:18,05:50,06:37,13:19,13:30,17:03,18:00,20:00,20:10,21:19,21:30
20/04/2017,05:17,05:50,06:35,13:19,13:45,17:03,18:00,20:01,20:10,21:20,21:30
21/04/2017,05:15,05:50,06:34,13:18,13:45,17:04,18:00,20:02,20:10,21:22,21:30
22/04/2017,05:13,05:50,06:33,13:18,13:45,17:04,18:00,20:03,20:10,21:23,21:30
23/04/2017,05:12,05:50,06:31,13:18,13:45,17:04,18:00,20:04,20:10,21:24,21:30
24/04/2017,05:10,05:45,06:30,13:18,13:30,17:04,18:00,20:05,20:15,21:25,21:40
25/04/2017,05:09,05:45,06:29,13:18,13:30,17:05,18:00,20:06,20:15,21:27,21:40
26/04/2017,05:07,05:45,06:27,13:17,13:30,17:05,18:00,20:07,20:15,21:28,21:40
27/04/2017,05:07,05:45,06:27,13:17,13:45,17:05,18:00,20:07,20:15,21:28,21:40
28/04/2017,05:05,05:45,06:26,13:17,13:45,17:05,18:00,20:08,20:15,21:29,21:40
29/04/2017,05:02,05:45,06:24,13:17,13:45,17:05,18:00,20:10,20:15,21:32,21:40
30/04/2017,05:01,05:45,06:22,13:17,13:45,17:06,18:00,20:11,20:15,21:33,21:40
01/05/2017,04:59,05:40,06:21,13:17,13:30,17:06,18:30,20:12,20:25,21:34,21:50
02/05/2017,04:58,05:40,06:20,13:17,13:30,17:06,18:30,20:13,20:25,21:35,21:50
03/05/2017,04:56,05:40,06:19,13:16,13:30,17:06,18:30,20:14,20:25,21:37,21:50
04/05/2017,04:55,05:40,06:18,13:16,13:45,17:06,18:30,20:15,20:25,21:38,21:50
05/05/2017,04:53,05:40,06:17,13:16,13:45,17:07,18:30,20:16,20:25,21:39,21:50
06/05/2017,04:52,05:40,06:15,13:16,13:45,17:07,18:30,20:17,20:25,21:41,21:50
07/05/2017,04:51,05:40,06:14,13:16,13:45,17:07,18:30,20:18,20:25,21:42,21:50
08/05/2017,04:49,05:35,06:13,13:16,13:30,17:07,18:30,20:19,20:30,21:43,22:00
09/05/2017,04:48,05:35,06:12,13:16,13:30,17:08,18:30,20:19,20:30,21:44,22:00
10/05/2017,04:46,05:35,06:11,13:16,13:30,17:08,18:30,20:20,20:30,21:46,22:00
11/05/2017,04:45,05:35,06:10,13:16,13:45,17:08,18:30,20:21,20:30,21:47,22:00
12/05/2017,04:45,05:35,06:10,13:16,13:45,17:08,18:30,20:21,20:30,21:47,22:00
13/05/2017,04:44,05:35,06:09,13:16,13:45,17:08,18:30,20:22,20:30,21:48,22:00
14/05/2017,04:41,05:35,06:07,13:16,13:45,17:09,18:30,20:24,20:30,21:51,22:00
15/05/2017,04:40,05:30,06:06,13:16,13:30,17:09,18:30,20:25,20:35,21:52,22:05
16/05/2017,04:39,05:30,06:06,13:16,13:30,17:09,18:30,20:26,20:35,21:53,22:05
17/05/2017,04:38,05:30,06:05,13:16,13:30,17:09,18:30,20:27,20:35,21:54,22:05
18/05/2017,04:37,05:30,06:04,13:16,13:45,17:09,18:30,20:28,20:35,21:56,22:05
19/05/2017,04:35,05:30,06:03,13:16,13:45,17:10,18:30,20:29,20:35,21:57,22:05
20/05/2017,04:34,05:30,06:02,13:16,13:45,17:10,18:30,20:29,20:35,21:58,22:05
21/05/2017,04:33,05:30,06:02,13:16,13:45,17:10,18:30,20:30,20:35,21:59,22:05
22/05/2017,04:32,05:25,06:01,13:16,13:30,17:10,18:30,20:31,20:40,22:00,22:15
23/05/2017,04:31,05:25,06:00,13:16,13:30,17:11,18:30,20:32,20:40,22:01,22:15
24/05/2017,04:30,05:25,06:00,13:16,13:30,17:11,18:30,20:33,20:40,22:03,22:15
25/05/2017,04:29,05:25,05:59,13:17,13:45,17:11,18:30,20:34,20:40,22:04,22:15
26/05/2017,04:29,05:25,05:58,13:17,13:45,17:11,18:30,20:34,20:40,22:05,22:15
27/05/2017,04:29,05:25,05:58,13:17,13:45,17:11,18:30,20:34,20:40,22:05,22:15
28/05/2017,04:28,05:25,05:58,13:17,13:45,17:12,18:30,20:35,20:40,22:06,22:15
29/05/2017,04:26,05:20,05:57,13:17,13:30,17:12,18:30,20:37,20:45,22:08,22:20
30/05/2017,04:25,05:20,05:56,13:17,13:30,17:12,18:30,20:37,20:45,22:09,22:20
31/05/2017,04:25,05:20,05:56,13:17,13:30,17:13,18:30,20:38,20:45,22:10,22:20
01/06/2017,04:24,05:20,05:55,13:17,13:45,17:13,18:30,20:39,20:45,22:11,22:20
02/06/2017,04:23,05:20,05:55,13:18,13:45,17:13,18:30,20:39,20:45,22:12,22:20
03/06/2017,04:23,05:20,05:55,13:18,13:45,17:13,18:30,20:40,20:45,22:13,22:20
04/06/2017,04:22,05:20,05:54,13:18,13:45,17:14,18:30,20:41,20:45,22:13,22:20
05/06/2017,04:22,05:00,05:54,13:18,13:30,17:14,18:30,20:41,20:50,22:14,22:25
06/06/2017,04:21,05:00,05:54,13:18,13:30,17:14,18:30,20:42,20:50,22:15,22:25
07/06/2017,04:21,05:00,05:54,13:18,13:30,17:14,18:30,20:43,20:50,22:16,22:25
08/06/2017,04:21,05:00,05:53,13:19,13:45,17:15,18:30,20:43,20:50,22:17,22:25
09/06/2017,04:20,05:00,05:53,13:19,13:45,17:15,18:30,20:44,20:50,22:17,22:25
10/06/2017,04:20,05:00,05:53,13:19,13:45,17:15,18:30,20:44,20:50,22:18,22:25
11/06/2017,04:20,05:00,05:53,13:19,13:45,17:15,18:30,20:44,20:50,22:18,22:25
12/06/2017,04:20,05:00,05:53,13:19,13:30,17:15,18:30,20:45,20:55,22:19,22:30
13/06/2017,04:20,05:00,05:53,13:20,13:30,17:16,18:30,20:46,20:55,22:20,22:30
14/06/2017,04:19,05:00,05:53,13:20,13:30,17:16,18:30,20:46,20:55,22:20,22:30
15/06/2017,04:19,05:00,05:53,13:20,13:45,17:16,18:30,20:46,20:55,22:21,22:30
16/06/2017,04:19,05:00,05:53,13:20,13:45,17:16,18:30,20:47,20:55,22:21,22:30
17/06/2017,04:19,05:00,05:53,13:21,13:45,17:17,18:30,20:47,20:55,22:22,22:30
18/06/2017,04:20,04:35,05:53,13:21,13:45,17:17,18:30,20:47,21:00,22:22,22:30
19/06/2017,04:20,04:35,05:53,13:21,13:30,17:17,18:30,20:48,21:00,22:22,22:30
20/06/2017,04:20,04:35,05:53,13:21,13:30,17:17,18:30,20:48,21:00,22:22,22:30
21/06/2017,04:20,04:35,05:54,13:21,13:30,17:18,18:30,20:48,21:00,22:23,22:30
22/06/2017,04:20,04:35,05:54,13:22,13:45,17:18,18:30,20:48,21:00,22:23,22:30
23/06/2017,04:21,04:35,05:54,13:22,13:45,17:18,18:30,20:49,21:00,22:23,22:30
24/06/2017,04:21,04:35,05:54,13:22,13:45,17:18,18:30,20:49,21:00,22:23,22:30
25/06/2017,04:21,04:35,05:54,13:22,13:45,17:18,18:30,20:49,21:00,22:23,22:30
26/06/2017,04:21,04:40,05:55,13:22,13:30,17:18,18:30,20:49,21:00,22:23,22:30
27/06/2017,04:22,04:40,05:55,13:23,13:30,17:19,18:30,20:49,21:00,22:23,22:30
28/06/2017,04:23,04:40,05:56,13:23,13:30,17:19,18:30,20:49,21:00,22:23,22:30
29/06/2017,04:23,04:40,05:56,13:23,13:45,17:19,18:30,20:49,21:00,22:23,22:30
30/06/2017,04:24,04:40,05:57,13:23,13:45,17:19,18:30,20:49,21:00,22:23,22:30
01/07/2017,04:25,04:40,05:57,13:23,13:45,17:19,18:30,20:49,21:00,22:22,22:30
02/07/2017,04:25,04:40,05:58,13:24,13:45,17:20,18:30,20:49,21:00,22:22,22:30
03/07/2017,04:26,04:45,05:58,13:24,13:30,17:20,18:30,20:48,21:00,22:22,22:25
04/07/2017,04:27,04:45,05:59,13:24,13:30,17:20,18:30,20:48,21:00,22:21,22:25
05/07/2017,04:27,04:45,05:59,13:24,13:30,17:20,18:30,20:48,21:00,22:21,22:25
06/07/2017,04:28,04:45,06:00,13:24,13:45,17:20,18:30,20:48,21:00,22:21,22:25
07/07/2017,04:29,04:45,06:00,13:25,13:45,17:20,18:30,20:48,21:00,22:20,22:25
08/07/2017,04:30,04:45,06:01,13:25,13:45,17:20,18:30,20:47,21:00,22:20,22:25
09/07/2017,04:31,04:45,06:02,13:25,13:45,17:20,18:30,20:47,21:00,22:19,22:25
10/07/2017,04:31,04:45,06:02,13:25,13:30,17:20,18:30,20:47,21:00,22:19,22:20
11/07/2017,04:32,04:45,06:02,13:25,13:30,17:20,18:30,20:47,21:00,22:18,22:20
12/07/2017,04:34,04:45,06:04,13:25,13:30,17:20,18:30,20:46,21:00,22:17,22:20
13/07/2017,04:35,04:45,06:04,13:25,13:45,17:20,18:30,20:45,21:00,22:16,22:20
14/07/2017,04:36,04:45,06:05,13:25,13:45,17:20,18:30,20:45,21:00,22:15,22:20
15/07/2017,04:37,04:45,06:06,13:26,13:45,17:20,18:30,20:44,21:00,22:15,22:20
16/07/2017,04:38,04:45,06:06,13:26,13:45,17:20,18:30,20:44,21:00,22:14,22:20
17/07/2017,04:39,05:15,06:07,13:26,13:30,17:20,18:30,20:43,20:50,22:13,22:20
18/07/2017,04:40,05:15,06:08,13:26,13:30,17:20,18:30,20:42,20:50,22:12,22:20
19/07/2017,04:41,05:15,06:09,13:26,13:30,17:20,18:30,20:42,20:50,22:11,22:20
20/07/2017,04:42,05:15,06:09,13:26,13:45,17:20,18:30,20:41,20:50,22:10,22:20
21/07/2017,04:43,05:15,06:10,13:26,13:45,17:20,18:30,20:40,20:50,22:09,22:20
22/07/2017,04:44,05:15,06:11,13:26,13:45,17:20,18:30,20:40,20:50,22:08,22:20
23/07/2017,04:45,05:15,06:12,13:26,13:45,17:20,18:30,20:39,20:50,22:07,22:20
24/07/2017,04:47,05:25,06:13,13:26,13:30,17:20,18:30,20:38,20:45,22:06,22:15
25/07/2017,04:47,05:25,06:13,13:26,13:30,17:20,18:30,20:38,20:45,22:06,22:15
26/07/2017,04:48,05:25,06:14,13:26,13:30,17:19,18:30,20:37,20:45,22:05,22:15
27/07/2017,04:50,05:25,06:15,13:26,13:45,17:19,18:30,20:36,20:45,22:02,22:15
28/07/2017,04:51,05:25,06:16,13:26,13:45,17:19,18:30,20:35,20:45,22:01,22:15
29/07/2017,04:52,05:25,06:17,13:26,13:45,17:19,18:30,20:34,20:45,22:00,22:15
30/07/2017,04:54,05:25,06:18,13:26,13:45,17:18,18:30,20:33,20:45,21:58,22:15
31/07/2017,04:55,05:35,06:19,13:26,13:30,17:18,18:30,20:32,20:35,21:57,22:05
01/08/2017,04:56,05:35,06:20,13:26,13:30,17:18,18:30,20:31,20:35,21:56,22:05
02/08/2017,04:57,05:35,06:20,13:26,13:30,17:17,18:30,20:30,20:35,21:54,22:05
03/08/2017,04:59,05:35,06:21,13:26,13:45,17:17,18:30,20:29,20:35,21:53,22:05
04/08/2017,05:00,05:35,06:22,13:26,13:45,17:17,18:30,20:28,20:35,21:52,22:05
05/08/2017,05:01,05:35,06:23,13:26,13:45,17:16,18:30,20:27,20:35,21:50,22:05
06/08/2017,05:02,05:35,06:24,13:26,13:45,17:16,18:30,20:25,20:35,21:49,22:05
07/08/2017,05:03,05:40,06:25,13:25,13:30,17:16,18:00,20:24,20:30,21:47,22:00
08/08/2017,05:03,05:40,06:25,13:25,13:30,17:16,18:00,20:24,20:30,21:47,22:00
09/08/2017,05:05,05:40,06:26,13:25,13:30,17:15,18:00,20:23,20:30,21:46,22:00
10/08/2017,05:07,05:40,06:28,13:25,13:45,17:14,18:00,20:21,20:30,21:43,22:00
11/08/2017,05:08,05:40,06:29,13:25,13:45,17:14,18:00,20:20,20:30,21:41,22:00
12/08/2017,05:10,05:40,06:29,13:25,13:45,17:13,18:00,20:18,20:30,21:40,22:00
13/08/2017,05:11,05:40,06:30,13:24,13:45,17:13,18:00,20:17,20:30,21:38,22:00
14/08/2017,05:12,05:45,06:31,13:24,13:30,17:12,18:00,20:16,20:20,21:37,21:50
15/08/2017,05:13,05:45,06:32,13:24,13:30,17:12,18:00,20:14,20:20,21:35,21:50
16/08/2017,05:14,05:45,06:33,13:24,13:30,17:11,18:00,20:13,20:20,21:33,21:50
17/08/2017,05:16,05:45,06:34,13:24,13:45,17:10,18:00,20:12,20:20,21:32,21:50
18/08/2017,05:17,05:45,06:35,13:23,13:45,17:10,18:00,20:10,20:20,21:30,21:50
19/08/2017,05:18,05:45,06:36,13:23,13:45,17:09,18:00,20:09,20:20,21:28,21:50
20/08/2017,05:19,05:45,06:37,13:23,13:45,17:08,18:00,20:08,20:20,21:27,21:50
21/08/2017,05:20,05:55,06:38,13:23,13:30,17:08,18:00,20:06,20:10,21:25,21:40
22/08/2017,05:22,05:55,06:38,13:23,13:30,17:07,18:00,20:05,20:10,21:23,21:40
23/08/2017,05:22,05:55,06:38,13:23,13:30,17:07,18:00,20:05,20:10,21:23,21:40
24/08/2017,05:23,05:55,06:39,13:22,13:45,17:06,18:00,20:04,20:10,21:22,21:40
25/08/2017,05:25,05:55,06:41,13:22,13:45,17:05,18:00,20:01,20:10,21:18,21:40
26/08/2017,05:26,05:55,06:42,13:21,13:45,17:04,18:00,19:59,20:10,21:17,21:40
27/08/2017,05:27,05:55,06:43,13:21,13:45,17:03,18:00,19:58,20:10,21:15,21:40
28/08/2017,05:28,06:00,06:44,13:21,13:30,17:03,18:00,19:56,20:00,21:13,21:30
29/08/2017,05:30,06:00,06:45,13:21,13:30,17:02,18:00,19:55,20:00,21:12,21:30
30/08/2017,05:31,06:00,06:46,13:20,13:30,17:01,18:00,19:53,20:00,21:10,21:30
31/08/2017,05:32,06:00,06:47,13:20,13:45,17:00,18:00,19:52,20:00,21:08,21:30
01/09/2017,05:33,06:00,06:47,13:20,13:45,16:59,18:00,19:50,20:00,21:06,21:30
02/09/2017,05:34,06:00,06:48,13:19,13:45,16:58,18:00,19:49,20:00,21:05,21:30
03/09/2017,05:35,06:00,06:49,13:19,13:45,16:58,18:00,19:47,20:00,21:03,21:30
04/09/2017,05:36,06:05,06:50,13:19,13:30,16:57,18:00,19:46,19:50,21:01,21:15
05/09/2017,05:37,06:05,06:51,13:18,13:30,16:56,18:00,19:44,19:50,20:59,21:15
06/09/2017,05:38,06:05,06:52,13:18,13:30,16:55,18:00,19:42,19:50,20:58,21:15
07/09/2017,05:38,06:05,06:52,13:18,13:30,16:55,18:00,19:42,19:50,20:58,21:15
08/09/2017,05:39,06:05,06:53,13:18,13:30,16:54,18:00,19:41,19:50,20:56,21:15
09/09/2017,05:41,06:05,06:55,13:17,13:30,16:52,18:00,19:38,19:50,20:52,21:15
10/09/2017,05:42,06:05,06:55,13:17,13:30,16:51,18:00,19:36,19:50,20:51,21:15
11/09/2017,05:44,06:10,06:56,13:16,13:30,16:50,18:00,19:35,19:40,20:49,21:10
12/09/2017,05:45,06:10,06:57,13:16,13:30,16:49,18:00,19:33,19:40,20:47,21:10
13/09/2017,05:46,06:10,06:58,13:16,13:30,16:48,18:00,19:31,19:40,20:46,21:10
14/09/2017,05:47,06:10,06:59,13:15,13:30,16:47,18:00,19:30,19:40,20:44,21:10
15/09/2017,05:48,06:10,07:00,13:15,13:30,16:46,18:00,19:28,19:40,20:42,21:10
16/09/2017,05:49,06:10,07:01,13:14,13:30,16:45,18:00,19:27,19:40,20:40,21:10
17/09/2017,05:50,06:10,07:02,13:14,13:30,16:44,18:00,19:25,19:40,20:39,21:10
18/09/2017,05:51,06:10,07:03,13:14,13:30,16:43,18:00,19:23,19:30,20:37,21:00
19/09/2017,05:52,06:10,07:03,13:13,13:30,16:42,18:00,19:22,19:30,20:35,21:00
20/09/2017,05:53,06:10,07:04,13:13,13:30,16:41,18:00,19:20,19:30,20:34,21:00
21/09/2017,05:54,06:10,07:05,13:13,13:30,16:40,18:00,19:19,19:30,20:32,21:00
22/09/2017,05:54,06:10,07:05,13:13,13:30,16:40,18:00,19:19,19:30,20:32,21:00
23/09/2017,05:56,06:10,07:07,13:12,13:30,16:37,18:00,19:15,19:30,20:28,21:00
24/09/2017,05:56,06:10,07:08,13:12,13:30,16:36,18:00,19:14,19:30,20:27,21:00
25/09/2017,05:57,06:15,07:09,13:11,13:30,16:35,17:30,19:12,19:15,20:25,20:45
26/09/2017,05:58,06:15,07:10,13:11,13:30,16:34,17:30,19:11,19:15,20:23,20:45
27/09/2017,05:59,06:15,07:11,13:11,13:30,16:33,17:30,19:09,19:15,20:22,20:45
28/09/2017,06:00,06:15,07:12,13:10,13:30,16:32,17:30,19:07,19:15,20:20,20:45
29/09/2017,06:01,06:15,07:12,13:10,13:30,16:31,17:30,19:06,19:15,20:19,20:45
30/09/2017,06:02,06:15,07:13,13:10,13:30,16:30,17:30,19:04,19:15,20:17,20:45
01/10/2017,06:03,06:15,07:14,13:09,13:30,16:29,17:30,19:03,19:15,20:15,20:45
02/10/2017,06:04,06:15,07:15,13:09,13:30,16:27,17:30,19:01,19:15,20:14,20:45
03/10/2017,06:05,06:15,07:16,13:09,13:30,16:26,17:30,19:00,19:15,20:12,20:45
04/10/2017,06:06,06:15,07:17,13:08,13:30,16:25,17:30,18:58,19:15,20:11,20:45
05/10/2017,06:07,06:15,07:18,13:08,13:30,16:24,17:30,18:56,19:15,20:09,20:45
06/10/2017,06:07,06:15,07:18,13:08,13:30,16:24,17:30,18:56,19:15,20:09,20:45
07/10/2017,06:08,06:15,07:19,13:08,13:30,16:23,17:30,18:55,19:15,20:08,20:45
08/10/2017,06:10,06:15,07:21,13:07,13:30,16:21,17:30,18:52,19:15,20:05,20:45
09/10/2017,06:11,06:15,07:22,13:07,13:30,16:20,17:30,18:50,19:15,20:03,20:45
10/10/2017,06:12,06:15,07:23,13:07,13:30,16:18,17:30,18:49,19:15,20:02,20:45
11/10/2017,06:13,06:15,07:24,13:06,13:30,16:17,17:30,18:47,19:15,20:00,20:45
12/10/2017,06:14,06:15,07:25,13:06,13:30,16:16,17:30,18:46,19:15,19:59,20:45
13/10/2017,06:15,06:15,07:26,13:06,13:30,16:15,17:30,18:44,19:15,19:57,20:45
14/10/2017,06:15,06:15,07:27,13:06,13:30,16:14,17:30,18:43,19:15,19:56,20:45
15/10/2017,06:16,06:15,07:28,13:05,13:30,16:13,17:30,18:41,19:15,19:54,20:45
16/10/2017,06:17,06:15,07:29,13:05,13:30,16:12,17:30,18:40,19:15,19:53,20:45
17/10/2017,06:18,06:15,07:30,13:05,13:30,16:11,17:30,18:39,19:15,19:52,20:45
18/10/2017,06:19,06:15,07:31,13:05,13:30,16:10,17:30,18:37,19:15,19:50,20:45
19/10/2017,06:20,06:15,07:32,13:05,13:30,16:09,17:30,18:36,19:15,19:49,20:45
20/10/2017,06:21,06:15,07:33,13:04,13:30,16:08,17:30,18:34,19:15,19:48,20:45
21/10/2017,06:21,06:15,07:33,13:04,13:30,16:08,17:30,18:34,19:15,19:48,20:45
22/10/2017,06:22,06:15,07:34,13:04,13:30,16:06,17:30,18:33,19:15,19:46,20:45
23/10/2017,06:24,06:15,07:36,13:04,13:30,16:04,17:30,18:30,19:15,19:44,20:45
24/10/2017,06:25,06:15,07:37,13:04,13:30,16:03,17:30,18:29,19:15,19:43,20:45
25/10/2017,06:26,06:15,07:38,13:04,13:30,16:02,17:30,18:28,19:15,19:42,20:45
26/10/2017,06:27,06:15,07:39,13:04,13:30,16:01,17:30,18:27,19:15,19:40,20:45
27/10/2017,06:28,06:15,07:40,13:04,13:30,16:00,17:30,18:25,19:15,19:39,20:45
28/10/2017,06:29,06:15,07:41,13:03,13:30,15:59,17:30,18:24,19:15,19:38,20:45
29/10/2017,06:30,06:15,07:42,13:03,13:30,15:58,17:30,18:23,19:15,19:37,20:45
30/10/2017,06:31,06:15,07:43,13:03,13:30,15:58,17:30,18:22,19:15,19:36,20:45
31/10/2017,06:32,06:15,07:44,13:03,13:30,15:57,17:30,18:21,19:15,19:35,20:45
01/11/2017,05:33,06:15,06:46,12:03,13:30,14:56,17:30,17:19,19:15,18:34,20:45
02/11/2017,05:33,06:15,06:46,12:03,13:30,14:56,17:30,17:19,19:15,18:34,20:45
03/11/2017,05:35,06:15,06:48,12:03,13:30,14:54,17:30,17:17,19:15,18:32,20:45
04/11/2017,05:36,06:15,06:49,12:03,13:30,14:53,17:30,17:16,19:15,18:31,20:45
05/11/2017,05:36,06:15,06:50,12:03,13:30,14:52,17:30,17:15,19:15,18:30,20:45
06/11/2017,05:37,06:15,06:51,12:03,13:30,14:51,17:30,17:14,19:15,18:29,20:45
07/11/2017,05:38,06:15,06:52,12:03,13:30,14:51,17:30,17:13,19:15,18:28,20:45
08/11/2017,05:39,06:15,06:53,12:03,13:30,14:50,17:30,17:12,19:15,18:27,20:45
09/11/2017,05:40,06:15,06:54,12:03,13:30,14:49,17:30,17:11,19:15,18:27,20:45
10/11/2017,05:41,06:15,06:55,12:04,13:30,14:48,17:30,17:10,19:15,18:26,20:45
11/11/2017,05:42,06:15,06:57,12:04,13:30,14:48,17:30,17:09,19:15,18:25,20:45
12/11/2017,05:43,06:15,06:58,12:04,13:30,14:47,17:30,17:08,19:15,18:24,20:45
13/11/2017,05:44,06:15,06:59,12:04,13:30,14:46,17:30,17:08,19:15,18:24,20:45
14/11/2017,05:45,06:15,07:00,12:04,13:30,14:46,17:30,17:07,19:15,18:23,20:45
15/11/2017,05:46,06:15,07:01,12:04,13:30,14:45,17:30,17:06,19:15,18:22,20:45
16/11/2017,05:47,06:15,07:02,12:04,13:30,14:45,17:30,17:05,19:15,18:22,20:45
17/11/2017,05:47,06:15,07:02,12:04,13:30,14:45,17:30,17:05,19:15,18:22,20:45
18/11/2017,05:49,06:15,07:04,12:05,13:30,14:44,17:30,17:04,19:15,18:21,20:45
19/11/2017,05:50,06:15,07:05,12:05,13:30,14:43,17:30,17:03,19:15,18:20,20:45
20/11/2017,05:51,06:15,07:06,12:05,13:30,14:43,17:30,17:03,19:15,18:20,20:45
21/11/2017,05:52,06:15,07:08,12:05,13:30,14:42,17:30,17:02,19:15,18:19,20:45
22/11/2017,05:53,06:15,07:09,12:06,13:30,14:42,17:30,17:02,19:15,18:19,20:45
23/11/2017,05:54,06:15,07:10,12:06,13:30,14:41,17:30,17:01,19:15,18:18,20:45
24/11/2017,05:55,06:15,07:11,12:06,13:30,14:41,17:30,17:01,19:15,18:18,20:45
25/11/2017,05:55,06:15,07:12,12:07,13:30,14:41,17:30,17:00,19:15,18:18,20:45
26/11/2017,05:56,06:15,07:13,12:07,13:30,14:40,17:30,17:00,19:15,18:17,20:45
27/11/2017,05:57,06:15,07:14,12:07,13:30,14:40,17:30,16:59,19:15,18:17,20:45
28/11/2017,05:58,06:15,07:15,12:08,13:30,14:40,17:30,16:59,19:15,18:17,20:45
29/11/2017,05:59,06:15,07:16,12:08,13:30,14:40,17:30,16:59,19:15,18:17,20:45
30/11/2017,06:00,06:15,07:17,12:08,13:30,14:40,17:30,16:58,19:15,18:17,20:45
01/12/2017,06:01,06:15,07:18,12:09,13:30,14:39,17:30,16:58,19:15,18:17,20:45
02/12/2017,06:02,06:15,07:19,12:09,13:30,14:39,17:30,16:58,19:15,18:16,20:45
03/12/2017,06:02,06:15,07:20,12:09,13:30,14:39,17:30,16:58,19:15,18:16,20:45
04/12/2017,06:03,06:15,07:21,12:10,13:30,14:39,17:30,16:58,19:15,18:16,20:45
05/12/2017,06:04,06:15,07:22,12:10,13:30,14:39,17:30,16:58,19:15,18:16,20:45
06/12/2017,06:05,06:15,07:23,12:11,13:30,14:39,17:30,16:58,19:15,18:16,20:45
07/12/2017,06:06,06:15,07:23,12:11,13:30,14:39,17:30,16:58,19:15,18:16,20:45
08/12/2017,06:06,06:15,07:24,12:11,13:30,14:39,17:30,16:58,19:15,18:17,20:45
09/12/2017,06:07,06:15,07:25,12:12,13:30,14:39,17:30,16:58,19:15,18:17,20:45
10/12/2017,06:08,06:15,07:26,12:12,13:30,14:40,17:30,16:58,19:15,18:17,20:45
11/12/2017,06:09,06:15,07:27,12:13,13:30,14:40,17:30,16:58,19:15,18:17,20:45
12/12/2017,06:09,06:15,07:28,12:13,13:30,14:40,17:30,16:58,19:15,18:17,20:45
13/12/2017,06:10,06:15,07:28,12:14,13:30,14:40,17:30,16:58,19:15,18:18,20:45
14/12/2017,06:11,06:15,07:29,12:14,13:30,14:41,17:30,16:58,19:15,18:18,20:45
15/12/2017,06:11,06:15,07:30,12:15,13:30,14:41,17:30,16:59,19:15,18:18,20:45
16/12/2017,06:11,06:15,07:30,12:15,13:30,14:41,17:30,16:59,19:15,18:18,20:45
17/12/2017,06:13,06:15,07:31,12:16,13:30,14:42,17:30,16:59,19:15,18:19,20:45
18/12/2017,06:13,06:15,07:32,12:16,13:30,14:42,17:30,17:00,19:15,18:19,20:45
19/12/2017,06:14,06:15,07:32,12:17,13:30,14:42,17:30,17:00,19:15,18:20,20:45
20/12/2017,06:14,06:15,07:33,12:17,13:30,14:43,17:30,17:01,19:15,18:20,20:45
21/12/2017,06:15,06:15,07:33,12:18,13:30,14:43,17:30,17:01,19:15,18:21,20:45
22/12/2017,06:15,06:15,07:34,12:18,13:30,14:44,17:30,17:02,19:15,18:21,20:45
23/12/2017,06:16,06:15,07:34,12:19,13:30,14:44,17:30,17:02,19:15,18:22,20:45
24/12/2017,06:16,06:15,07:35,12:19,13:30,14:45,17:30,17:03,19:15,18:22,20:45
25/12/2017,06:16,06:15,07:35,12:20,13:30,14:46,17:30,17:03,19:15,18:23,20:45
26/12/2017,06:17,06:15,07:36,12:20,13:30,14:46,17:30,17:04,19:15,18:23,20:45
27/12/2017,06:17,06:15,07:36,12:21,13:30,14:47,17:30,17:05,19:15,18:24,20:45
28/12/2017,06:18,06:15,07:36,12:21,13:30,14:47,17:30,17:05,19:15,18:25,20:45
29/12/2017,06:18,06:15,07:36,12:22,13:30,14:48,17:30,17:06,19:15,18:25,20:45
30/12/2017,06:18,06:15,07:37,12:22,13:30,14:49,17:30,17:07,19:15,18:26,20:45
31/12/2017,06:18,06:15,07:37,12:22,13:30,14:49,17:30,17:07,19:15,18:26,20:45
